ai_score,sector,acronym,name,umr_label,type,city,parent_company,tutelles,domain,year_created,website
100,public,LISN,Laboratoire Interdisciplinaire des Sciences du Numérique,UMR 9015,Unité mixte,Gif sur Yvette,,"CNRS,U PARIS-SACLAY,INRIA,CENTRALESUPELEC","Sciences pour l'ingénieur,STIC",2021,http://www.lisn.upsaclay.fr
100,public,LIRMM,"Laboratoire d'Informatique, de Robotique et de Microélectronique de Montpellier",UMR 5506,Unité mixte,MONTPELLIER CEDEX 5,,"PERPIGNAN,CNRS,INRIA,MONTPELLIER,UMPV","Sciences de la société,Sciences pour l'ingénieur,Sciences et technologies de l'i",1995,http://www.lirmm.fr/
100,public,LS2N,Laboratoire des Sciences du Numérique de Nantes,UMR 6004,Unité mixte,Nantes Cedex 3,,"EC. CENTRALE NANTES,CNRS,IMT Atlantique,Nantes Université,INRIA",Sciences et technologies de l'information et de la communication,2017,http://ls2n.fr/
100,public,MAASAI,Modèles et algorithmes pour l’intelligence artificielle,,Unité propre,Sophia Antipolis,,"INRIA,UniCA",Sciences et technologies de l'information et de la communication,2020,http://www.inria.fr/equipes/maasai
100,public,ACENTAURI,•	Intelligence artificielle et algorithmes efficaces pour la robotique autonome,,Unité propre,Sophia Antipolis,,INRIA,Sciences et technologies de l'information et de la communication,2021,https://www.inria.fr/fr/acentauri
95,public,IRISA,Institut de Recherche en Informatique et Systèmes Aléatoires,UMR 6074,Unité mixte,RENNES CEDEX,,"INSA RENNES,BRETAGNE-SUD,CNRS,INRIA,ENS RENNES,CENTRALESUPELEC,MinesTélécom,IMT Atlantique,RENNES","Biologie, médecine et santé,Sciences et technologies de l'information et de la c",2000,http://www.irisa.fr
95,public,LIASD,LABORATOIRE D'INTELLIGENCE ARTIFICIELLE ET SÉMANTIQUE DES DONNÉES,EA 4383,Unité propre,SAINT-DENIS,,PARIS 8,Sciences et technologies de l'information et de la communication,2009,https://www.univ-paris8.fr/UR-Laboratoire-d-Intelligence-Artificielle-et-Semantique-des-Donnees-LIAS...
90,private,MSFT-Inria,Centre Microsoft Recherche-Inria,,Private R&D Lab,Saclay,Microsoft,Microsoft,,2006,
90,private,XRCE,Centre de Recherche Europe de Xerox (now Naver),,Private R&D Lab,Meylan,Naver Labs Europe,Naver Labs Europe,,2017,
90,private,Criteo AI Lab,Criteo AI Lab,,Private R&D Lab,Paris,Criteo,Criteo,,2015,
90,private,FAIR Paris,Facebook AI Research Paris,,Private R&D Lab,Paris,Meta,Meta,,2015,
90,private,Factolab,Factolab,,Private R&D Lab,Clermont-Ferrand,Michelin,Michelin,,2017,
90,private,Fujitsu AI Lab,Fujitsu AI Research Center,,Private R&D Lab,Paris,Fujitsu,Fujitsu,,2019,
90,private,Google Brain Paris,Google Brain / DeepMind Paris,,Private R&D Lab,Paris,Alphabet (Google),Alphabet (Google),,2018,
90,private,Kyutai,Kyutai,,Private R&D Lab,Paris,Kyutai (Niel/Saadé/Schmidt),Kyutai (Niel/Saadé/Schmidt),,2023,
90,private,CSL Sony,Laboratoire scientifique Sony Computer,,Private R&D Lab,Paris,Sony,Sony,,2006,
90,private,Huawei MASL,Mathematical and Algorithmic Sciences Lab,,Private R&D Lab,Boulogne-Billancourt,Huawei Technologies,Huawei Technologies,,2016,
90,private,Mistral AI Lab,Mistral AI Research,,Private R&D Lab,Paris,Mistral AI,Mistral AI,,2023,
90,private,Orange Labs,Orange Labs,,Private R&D Lab,Chatillon,Orange,Orange,,2007,
90,private,RIT Paris,Rakuten Institute of Technology Paris,,Private R&D Lab,Paris,Rakuten,Rakuten,,2014,
90,private,Samsung AI Paris,Samsung AI Center Paris,,Private R&D Lab,Paris,Samsung,Samsung,,2018,
90,private,Uber AI Paris,Uber AI Labs Paris,,Private R&D Lab,Paris,Uber,Uber,,2019,
85,public,IRIF,Institut de Recherche en Informatique Fondamentale,UMR 8243,Unité mixte,Paris,,"CNRS,U PARIS Cité,INRIA","Mathématiques et leurs interactions,Sciences et technologies de l'information et",2016,https://www.irif.fr/
85,public,LaBRI,Laboratoire Bordelais de Recherche en Informatique,UMR 5800,Unité mixte,TALENCE CEDEX,,"CNRS,Bordeaux INP,BORDEAUX,INRIA","Mathématiques et leurs interactions,Biologie, médecine et santé,Sciences et tech",1997,http://www.labri.fr/
85,public,LIX,Laboratoire d'Informatique de l'Ecole Polytechnique,UMR 7161,Unité mixte,Palaiseau Cedex,,"EC. POLYTECHNIQUE,CNRS,IP PARIS,INRIA","Mathématiques et leurs interactions,Sciences pour l'ingénieur,Sciences et techno",2005,http://www.lix.polytechnique.fr/
85,public,LIP,Laboratoire d'Informatique du Parallélisme,UMR 5668,Unité mixte,LYON CEDEX 07,,"LYON 1,CNRS,INRIA,ENS LYON","Mathématiques et leurs interactions,Sciences et technologies de l'information et",1999,http://www.ens-lyon.fr/LIP/
85,public,I3S,"Laboratoire d'Informatique, Signaux et Systèmes de Sophia Antipolis",UMR 7271,Unité mixte,SOPHIA ANTIPOLIS CEDEX - VALBONNE,,"CNRS,UniCA,INRIA","Mathématiques et leurs interactions,Sciences et technologies de l'information et",2012,https://univ-cotedazur.fr/laboratoires/laboratoire-dinformatique-signaux-et-syste%CC%80mes-de-sophia...
80,public,DI ENS,Département d'Informatique de l'Ecole Normale Supérieure,UMR 8548,Unité mixte,PARIS CEDEX 05,,"ENS PARIS,CNRS,INRIA,PSL",Sciences et technologies de l'information et de la communication,1998,http://www.di.ens.fr
80,public,ETIS,Equipes Traitement de l'Information et Systèmes,UMR 8051,Unité mixte,CERGY PONTOISE CEDEX - CERGY,,"ENSEA CERGY,CNRS,CY CERGY",Sciences et technologies de l'information et de la communication,2002,http://www-etis.ensea.fr
80,public,IRIT,Institut de Recherche en Informatique de Toulouse,UMR 5505,Unité mixte,TOULOUSE CEDEX 9,,"INP TOULOUSE,TOULOUSE 2,CNRS,UT Capitole,UT,INRIA",Sciences et technologies de l'information et de la communication,1995,http://www.irit.fr/
80,public,LAMIH,"Laboratoire d'Automatique, de Mécanique et d'Informatique Industrielles et Humaines",UMR 8201,Unité mixte,VALENCIENNES CEDEX 9,,"CNRS,UPHF","Physique,Sciences humaines et humanités,Sciences pour l'ingénieur,Sciences et te",2012,http://www.univ-valenciennes.fr/LAMIH/
80,public,LIGM,Laboratoire d'Informatique Gaspard-Monge,UMR 8049,Unité mixte,MARNE LA VALLEE CEDEX 2 - CHAMPS SUR MARNE,,"ENPC PARIS,ESIEE MARNE,CNRS,UNIV.G.EIFFEL",Sciences et technologies de l'information et de la communication,2002,https://ligm.univ-eiffel.fr/
80,public,LIG,Laboratoire d'Informatique de Grenoble,UMR 5217,Unité mixte,Saint Martin d'Hères,,"GRENOBLE INP,CNRS,INRIA,GRENOBLE ALPES",Sciences et technologies de l'information et de la communication,2006,http://www.liglab.fr/
80,public,LIPN,Laboratoire d'Informatique de Paris-Nord,UMR 7030,Unité mixte,VILLETANEUSE,,"PARIS 13,CNRS",Sciences et technologies de l'information et de la communication,2001,https://lipn.univ-paris13.fr/
80,public,LIMOS,"Laboratoire d'Informatique, de Modélisation et d'Optimisation des Systèmes",UMR 6158,Unité mixte,AUBIERE CEDEX,,"ENSM ST-ETIENNE,CNRS,U Clermont Auvergne,Clermont Auvergne INP",Sciences et technologies de l'information et de la communication,2002,http://www.isima.fr/limos/index.htm
80,public,LAAS-CNRS,Laboratoire d'analyse et d'architecture des systèmes,UPR 8001,Unité propre,TOULOUSE CEDEX 4,,"CNRS,INSA TOULOUSE,INP TOULOUSE,TOULOUSE 2,UT Capitole,UT","Sciences pour l'ingénieur,STIC",1967,http://www.laas.fr
80,public,LIRIS,UMR 5205 - LABORATOIRE D'INFORMATIQUE EN IMAGE ET SYSTEMES D'INFORMATION,UMR 5205,Unité mixte,VILLEURBANNE CEDEX,,"EC. CENTRALE LYON,INSA LYON,LYON 1,LYON 2,CNRS",Sciences et technologies de l'information et de la communication,2005,http://liris.cnrs.fr
75,public,,"UMR 9189 - CRISTAL - Centre de Recherche en Informatique, Signal et Automatique de Lille",UMR 9189,Unité mixte,VILLENEUVE D ASCQ CEDEX,,"CLI,CNRS,LILLE,INRIA,MinesTélécom",Sciences et technologies de l'information et de la communication,2015,https://www.cristal.univ-lille.fr/
70,public,SIERRA,Apprentissage Statistique et Parcimonie,,Unité propre,Paris,,INRIA,Sciences et technologies de l'information et de la communication,2011,http://www.inria.fr/equipes/sierra
70,public,CEDRIC,CENTRE D'ETUDES ET DE RECHERCHE EN INFORMATIQUE ET COMMUNICATIONS,EA 4629,Unité propre,PARIS CEDEX 03,,CNAM PARIS,"Mathématiques et leurs interactions,Sciences et technologies de l'information et",1988,http://cedric.cnam.fr/
70,public,LIP6,LIP6,UMR 7606,Unité mixte,PARIS CEDEX 05,,"CNRS,SORBONNE UNIV.",Sciences et technologies de l'information et de la communication,1997,http://www.lip6.fr/
70,public,LMF,Laboratoire Méthodes Formelles,UMR 9021,Unité mixte,GIF-SUR-YVETTE,,"ENS Paris-Saclay,CNRS,U PARIS-SACLAY,INRIA,CENTRALESUPELEC",Sciences et technologies de l'information et de la communication,2021,https://lmf.cnrs.fr/
70,public,VERIMAG,VERIMAG,UMR 5104,Unité mixte,Saint-Martin-d'Hères,,"CNRS,GRENOBLE ALPES,GRENOBLE INP",Sciences et technologies de l'information et de la communication,1999,http://www-verimag.imag.fr/
70,public,VALDA,Value from Data,,Unité propre,,,"ENS PARIS,CNRS,INRIA",Sciences et technologies de l'information et de la communication,2016,
65,public,ELLIADD,"EDITION, LANGAGES, LITTÉRATURES, INFORMATIQUE, ARTS, DIDACTIQUES, DISCOURS",EA 4661,Unité propre,BESANÇON CEDEX,,"UT BELFORT,UMLP","Sciences humaines et humanités,Sciences de la société,Sciences et technologies d",2012,http://elliadd.univ-fcomte.fr/
65,public,GREYC,"Groupe de recherche en Informatique, Image, Automatique et Instrumentation de Caen",UMR 6072,Unité mixte,CAEN CEDEX 5,,"CAEN,ENSI CAEN,CNRS",,2017,https://www.greyc.fr
65,public,IBISC,"Informatique, BioInformatique, Systèmes Complexes",EA 4526,Unité propre,EVRY CEDEX,,"EVRY,U PARIS-SACLAY","Biologie, médecine et santé,Sciences pour l'ingénieur,Sciences et technologies d",2010,https://www.ibisc.fr/
65,public,LIAS,LABORATOIRE D'INFORMATIQUE ET D'AUTOMATIQUE POUR LES SYSTÈMES,EA 6315,Unité mixte,POITIERS CEDEX 9,,"ENSMA POITIERS,UP","Sciences pour l'ingénieur,Sciences et technologies de l'information et de la com",2012,https://www.lias-lab.fr/
65,public,LTCI,Laboratoire Traitement et Communication de l'Information,,Unité propre,Palaiseau,,"TELECOM PARIS,MinesTélécom,IP PARIS",Sciences et technologies de l'information et de la communication,2003,https://www.telecom-paris.fr/fr/recherche/labos/traitement-information-ltci
65,public,LORIA,Laboratoire lorrain de recherche en informatique et ses applications,UMR 7503,Unité mixte,VANDOEUVRE LES NANCY CEDEX,,"CNRS,INRIA,LORRAINE,CENTRALESUPELEC","Biologie, médecine et santé",1997,http://www.loria.fr
65,public,LATTICE,"Langues, textes, traitements informatiques, cognition",UMR 8094,Unité mixte,MONTROUGE,,"PARIS 3,ENS PARIS,CNRS,PSL",,2000,http://www.lattice.cnrs.fr
65,public,SAMOVAR,"SAMOVAR (Services répartis, Architectures, MOdélisation, Validation, Administration des Réseaux)",UMR CNRS 5157,Unité propre,EVRY CEDEX,,"TELECOM SUDPARIS,MinesTélécom,IP PARIS",Sciences et technologies de l'information et de la communication,2003,http://samovar.telecom-sudparis.eu/
65,public,LIFO,UR 4022 LABORATOIRE D'INFORMATIQUE FONDAMENTALE D'ORLÉANS,EA 4022,Unité propre,ORLEANS CEDEX  2,,"ORLEANS,INSA CENTRE VA",Sciences et technologies de l'information et de la communication,1987,http://www.univ-orleans.fr/lifo
60,public,FLOWERS,"Interactions, exploration et apprentissage en robotique développementale et sociale",,Unité propre,,,"INRIA,BORDEAUX",Sciences et technologies de l'information et de la communication,2008,
60,public,UR 4491,"LISIC LABORATOIRE D'INFORMATIQUE, SIGNAL ET IMAGE DE LA CÔTE D'OPALE",EA 4491,Unité propre,CALAIS,,LITTORAL,Sciences et technologies de l'information et de la communication,2010,http://www-lisic.univ-littoral.fr
50,public,JRL,Joint Robotics Laboratory,IRL 3218,Unité mixte internationale,TSUKUBA,,"CNRS,AIST",Sciences et technologies de l'information et de la communication,2008,
50,public,LITIS,"LABORATOIRE D'INFORMATIQUE, DE TRAITEMENT DE L'INFORMATION ET DES SYSTÈMES - UR 4108",EA 4108,Unité mixte,SAINT ETIENNE DU ROUVRAY CEDEX,,"INSA ROUEN,ROUEN,LE HAVRE",,2006,http://www.litislab.fr/
50,public,LIPADE,LABORATOIRE INFORMATIQUE PARIS DESCARTES,URP 2517,Unité propre,PARIS CEDEX 06,,U PARIS Cité,Sciences pour l'ingénieur,1998,http://lipade.mi.parisdescartes.fr/?lang=fr
50,public,MAGNET,Machine Learning in Information Networks,,Unité propre,Villeneuve d'Ascq,,"CNRS,INRIA,LILLE",Sciences et technologies de l'information et de la communication,2013,http://www.inria.fr/equipes/magnet
50,public,AIO,"Mise en réseau fiable, sans fil à faible consommation et micro-robotique",,Unité propre,,,INRIA,Sciences et technologies de l'information et de la communication,2022,
50,public,HUCEBOT,Robotique centrée sur l’humain,,Unité propre,Villers lès Nancy,,"CNRS,INRIA,LORRAINE",Sciences et technologies de l'information et de la communication,2025,https://www.inria.fr/fr/hucebot
50,public,RAINBOW,Sensor-based and interactive robotics,,Unité propre,,,"INSA RENNES,CNRS,INRIA,RENNES",Sciences et technologies de l'information et de la communication,2018,
50,public,VIBOT,Vision pour la Robotique,EMR 6000,Unité mixte,DIJON CEDEX,,"CNRS,UBE",Sciences et technologies de l'information et de la communication,2018,http://le2i.cnrs.fr/
45,public,CIAN,Centre International d'Intelligence Artificielle en Acoustique Naturelle,,Collaborations internationales de recherche,TOULON CEDEX 9,,TOULON,Sciences et technologies de l'information et de la communication,2024,https://cian.lis-lab.fr/
45,public,LARIAD,Laboratoire Robotique et IA pour la Défense,,Unité mixte,Palaiseau,,ENSTA,Sciences et technologies de l'information et de la communication,2026,
45,public,LIS,Laboratoire d'Informatique et des Systèmes,UMR 7020,Unité mixte,Marseille,,"TOULON,CNRS,AIX-MARSEILLE,EC. CENTRALE MARSEILLE","Mathématiques et leurs interactions,Sciences humaines et humanités,Sciences pour",2018,http://www.lis-lab.fr
45,public,SyCoIA,Systèmes Complexes et Intelligence Artificielle,,Unité propre,Alès,,IMT MINES ALES,Sciences et technologies de l'information et de la communication,2025,https://www.imt-mines-ales.fr
40,public,UMR 8188,CRIL - Centre de Recherche en Informatique de Lens,UMR 8188,Unité mixte,LENS CEDEX,,"ARTOIS,CNRS",Sciences et technologies de l'information et de la communication,2008,http://www.cril.univ-artois.fr
40,public,G-SCOP,"Laboratoire des Sciences pour la Conception, l'Optimisation et la Production de Grenoble",UMR 5272,Unité mixte,GRENOBLE CEDEX 1,,"GRENOBLE INP,CNRS,GRENOBLE ALPES",Sciences et technologies de l'information et de la communication,2009,http://www.g-scop.grenoble-inp.fr
40,public,iCube,"Laboratoire des sciences de l'Ingénieur, de l'Informatique et de l'Imagerie (UMR 7357)",UMR 7357,Unité mixte,Illkirch-Graffenstaden CEDEX,,"ENGEES-STRBG,INSA STRASBOURG,CNRS,U. STRASBOURG,TELECOM PARIS,INRIA,CHUS,IP PARIS","Sciences de la terre et de l'univers, espace,Biologie, médecine et santé,Science",2013,http://icube.unistra.fr
40,public,MIA Paris,Mathématiques et Informatique Appliquées - Paris-Saclay,UMR 518,Unité mixte,Palaiseau Cedex,,"AGROPARISTECH,INRAE,U PARIS-SACLAY","Mathématiques et leurs interactions,Sciences et technologies de l'information et",1962,http://www6.inra.fr/mia-paris
40,public,TIMA,Techniques de l'Informatique et de la Microélectronique pour l'Architecture des systèmes intégrés,UMR 5159,Unité mixte,GRENOBLE CEDEX 1,,"GRENOBLE INP,CNRS,GRENOBLE ALPES","Sciences pour l'ingénieur,Sciences et technologies de l'information et de la com",2003,http://tima.imag.fr/
35,public,MICS,Mathématiques et Informatique pour la Complexité et les Systèmes,EA 4037,Unité mixte,GIF-SUR-YVETTE,,"CENTRALESUPELEC,U PARIS-SACLAY,INRIA","Mathématiques et leurs interactions,Sciences pour l'ingénieur,Sciences et techno",2006,http://mics.centralesupelec.fr/fr/
30,public,AGORA,AlGorithmes et Optimisation pour Réseaux Autonomes,,Unité propre,Villeurbanne,,"INSA LYON,INRIA",Sciences et technologies de l'information et de la communication,2017,http://www.inria.fr/equipes/agora
30,public,AROMATH,Algebre geometrie Modelisation et Algorithmes,,Unité propre,,,INRIA,Sciences et technologies de l'information et de la communication,2016,
30,public,ARAMIS,"Algorithmes, modèles et méthodes pour les images et les signaux du cerveau humain sain et pathologiq...",,Unité propre,Paris,,"CNRS,INSERM,INRIA,SORBONNE UNIV.",Sciences et technologies de l'information et de la communication,2012,http://www.inria.fr/equipes/aramis
30,public,AVALON,Algorithms and Software Architectures for Distributed and HPC Platforms,,Unité propre,Lyon,,"LYON 1,CNRS,INRIA,ENS LYON",Sciences et technologies de l'information et de la communication,2012,http://www.inria.fr/equipes/avalon
30,public,ANGE,"Analyse Numérique, Géophysique et Environnement",,Unité propre,Paris,,"CNRS,INRIA,SORBONNE UNIV.",Sciences et technologies de l'information et de la communication,2012,http://www.inria.fr/equipes/ange
30,public,CEDAR,Analyse et traitement de données complexes à grande échelle,,Unité propre,Palaiseau,,"CNRS,INRIA,IP PARIS",Sciences et technologies de l'information et de la communication,2016,http://www.inria.fr/equipes/cedar
30,public,THOTH,Apprentissage de modèles visuels à partir de données massives,,Unité propre,,,INRIA,Sciences et technologies de l'information et de la communication,2016,
30,public,RAPSODI,Approximations numériques fiables pour les systèmes dissipatifs,,Unité propre,Villeneuve d'Ascq,,"INRIA,LILLE",Sciences et technologies de l'information et de la communication,2015,http://www.inria.fr/equipes/rapsodi
30,public,PASCALINE,"Arithmétique des ordinateurs, calcul formel et vérification formelle",,Unité propre,Lyon,,"LYON 1,CNRS,INRIA,ENS LYON",Sciences et technologies de l'information et de la communication,2025,https://www.inria.fr/fr/pascaline
30,public,PARTOUT,Automatisation et ReprésenTation: fOndation du calcUl et de la déducTion,,Unité propre,Palaiseau,,"CNRS,INRIA,IP PARIS",Sciences et technologies de l'information et de la communication,2019,http://www.inria.fr/equipes/partout
30,public,MOKAPLAN,Avancées en calcul numérique des variations,,Unité propre,Paris,,"PARIS-DAUPHINE,CNRS,INRIA",Sciences et technologies de l'information et de la communication,2013,http://www.inria.fr/equipes/mokaplan
30,public,COMBO,Biomécanique et Méthodes Numériques pour l’analyse de l’interaction humain-systèmes hors du laborato...,,Unité propre,Rennes,,"INRIA,RENNES 2,ENS RENNES,RENNES",Sciences et technologies de l'information et de la communication,2025,https://www.inria.fr/fr/combo
30,public,CONCACE,COmposabilite Numerique and parallele pour le CAlcul haute performanCE,,Unité propre,,,"INRIA,CERFACS",Sciences et technologies de l'information et de la communication,2022,
30,public,MATHEXP,"Calcul formel, mathématiques expérimentales et interactions",,Unité propre,Palaiseau,,INRIA,Sciences et technologies de l'information et de la communication,2022,https://www.inria.fr/fr/mathexp
30,public,CROMA,"Centre de Radiofréquences, Optique et Micro-nanoélectronique des Alpes",UMR 5130,Unité mixte,GRENOBLE CEDEX 1,,"GRENOBLE INP,CHAMBERY,CNRS,GRENOBLE ALPES",Sciences et technologies de l'information et de la communication,2001,https://croma.grenoble-inp.fr/
30,public,COATI,"Combinatoire, Optimisation et Algorithmes pour les Télécommunications",,Unité propre,Sophia Antipolis,,"CNRS,INRIA,UniCA",Sciences et technologies de l'information et de la communication,2013,http://www.inria.fr/equipes/coati
30,public,CTRL-A,Commande pour systèmes informatiques autonomiques,,Unité propre,Montbonnot St Martin,,"INRIA,GRENOBLE ALPES",Sciences et technologies de l'information et de la communication,2014,http://www.inria.fr/equipes/ctrl-a
30,public,CASH,"Compilation et Analyse, Logiciel et Matériel",,Unité propre,Montbonnot St Martin,,"LYON 1,CNRS,INRIA,ENS LYON",Sciences et technologies de l'information et de la communication,2018,http://www.inria.fr/equipes/cash
30,public,DATASHAPE,Comprendre la forme des données,,Unité propre,,,"CNRS,INRIA,U PARIS-SACLAY",Sciences et technologies de l'information et de la communication,2016,
30,public,CASCADE,Conception et Analyse de Systèmes pour la Confidentialité et l'Authentification de Données et d'Enti...,,Unité propre,Paris,,"ENS PARIS,CNRS,INRIA",Sciences et technologies de l'information et de la communication,2008,http://www.inria.fr/equipes/cascade
30,public,DIVERSE,Diversity-centric Software Engineering,,Unité propre,Rennes,,"INSA RENNES,CNRS,INRIA,RENNES",Sciences et technologies de l'information et de la communication,2014,http://www.inria.fr/equipes/diverse
30,public,D-DAL,Données : algorithmiques et logiques dynamiques,,Unité propre,Villeneuve d'Ascq,,"INRIA,LILLE",Sciences et technologies de l'information et de la communication,2025,https://www.inria.fr/fr/d-dal
30,public,OLAS,"Fondements opérationnels, logiques et algébriques des systèmes logiciels",,Unité propre,Sophia Antipolis,,INRIA,Sciences et technologies de l'information et de la communication,2023,https://www.inria.fr/fr/olas
30,public,LACODAM,Fouille de données collaborative à grande échelle,,Unité propre,Rennes,,"INSA RENNES,INRIA,Institut Agro,RENNES",Sciences et technologies de l'information et de la communication,2016,http://www.inria.fr/equipes/lacodam
30,public,FILOFOCS,French-Israeli Laboratory on Foundations of Computer Science,IRL 2005,Unité mixte internationale,6997801 TEL-AVIV,,"CNRS,TAU,HUJI,INST WEIZMANN SC,U PARIS Cité",Sciences et technologies de l'information et de la communication,2019,https://www.filofocs.org/
30,public,FIL,Fédération Informatique de Lyon,FR 2000,Structures Fédératives de Recherche,VILLEURBANNE CEDEX,,"EC. CENTRALE LYON,INSA LYON,LYON 1,LYON 2,CNRS,INRIA,ENS LYON,UJM",Sciences et technologies de l'information et de la communication,2017,https://fil.cnrs.fr/
30,public,MIRES,"Fédération de recherche mathématique et intéractions, images et information numérique, réseaux et sé...",FR 3423,Structures Fédératives de Recherche,POITIERS Cedex 9,,"LIMOGES,CNRS,LA ROCHELLE,ENSMA POITIERS,UP",Sciences et technologies de l'information et de la communication,2012,
30,public,GPL,GENIE DE LA PROPAGATION ET DU LOGICIEL,GDR 3168,Groupements de Recherche,SOPHIA ANTIPOLIS CEDEX,,CNRS,Sciences et technologies de l'information et de la communication,2008,
30,public,TADAAM,Gestion des données à l'échelle du système en fonction de la topologie pour le calcul haute performa...,,Unité propre,Talence Cedex,,"INRIA,Bordeaux INP,BORDEAUX",Sciences et technologies de l'information et de la communication,2015,http://www.inria.fr/equipes/tadaam
30,public,GRICAD,Grenoble Alpes Recherche-Infrastructure de CAlcul Intensif et de Données,UAR 3758,Unité mixte,ST MARTIN D HERES,,"GRENOBLE INP,CNRS,INRIA,GRENOBLE ALPES",Sciences et technologies de l'information et de la communication,2016,https://gricad.univ-grenoble-alpes.fr/
30,public,GAMBLE,"Géométrie, Algorithmes et Modèles Bien au-delà du Linéaire et de l’Euclidien",,Unité propre,,,"INRIA,LORRAINE",Sciences et technologies de l'information et de la communication,2017,
30,public,HEUDIASYC,Heuristique et diagnostic des systèmes complexes,UMR 7253,Unité mixte,COMPIEGNE CEDEX,,"UT COMPIEGNE,CNRS",Sciences et technologies de l'information et de la communication,1981,http://www.hds.utc.fr
30,public,IPAL,Image and Pervasive Access Lab,UMI 2955,Unité mixte internationale,Singapour,,"TELECOM PARIS,CNRS,MinesTélécom,NUS,I2R A*STAR,IP PARIS",Sciences et technologies de l'information et de la communication,2006,http://ipal.cnrs.fr/
30,public,IG-RV,"Informatique Géométrique et Graphique, Réalité Virtuelle et Visualisation",GDR 3000,Groupements de Recherche,ILLKIRCH CEDEX,,"CNRS,INRIA,U. STRASBOURG,GRENOBLE ALPES,UT",Sciences et technologies de l'information et de la communication,2006,http://icube-web.unistra.fr/gdr-igrv/index.php/Accueil
30,public,IRIMAS,Institut de Recherche en Informatique Mathématiques Automatique Signal (IRIMAS) - UR 7499,UR 7499,Unité propre,Mulhouse cedex,,MULHOUSE,"Mathématiques et leurs interactions,Sciences pour l'ingénieur,Sciences et techno",2018,http://www.irimas.uha.fr
30,public,ITEM,Institut des Textes et Manuscrits Modernes,UMR 8132,Unité mixte,PARIS,,"ENS PARIS,CNRS,PSL,UP",Sciences et technologies de l'information et de la communication,2002,http://www.item.ens.fr/
30,public,IDRIS,Institut du Développement et des Ressources en Informatique Scientifique,UAR 851,Unité propre,ORSAY CEDEX,,"CNRS,U PARIS-SACLAY",Sciences et technologies de l'information et de la communication,1993,http://www.idris.fr
30,public,Inria,Institut national de recherche en sciences et technologies du numérique,,Unité propre,Le Chesnay Cedex,,INRIA,Sciences et technologies de l'information et de la communication,1967,
30,public,ILDA,Interacting with Large Data,,Unité propre,Palaiseau,,"CNRS,INRIA,U PARIS-SACLAY",Sciences et technologies de l'information et de la communication,2015,http://www.inria.fr/equipes/ilda
30,public,LGIPM,"LABORATOIRE DE GÉNIE INFORMATIQUE, DE PRODUCTION ET DE MAINTENANCE",EA 3096,Unité propre,METZ CEDEX 03,,"ENI METZ,LORRAINE,INRIA","Sciences pour l'ingénieur,Sciences et technologies de l'information et de la com",1996,http://lgipm.univ-lorraine.fr/
30,public,LAMIA,LABORATOIRE DE MATHEMATIQUES INFORMATIQUE ET APPLICATIONS,UR 1_1,Unité propre,POINTE À PITRE CEDEX,,ANTILLES,"Mathématiques et leurs interactions,Sciences et technologies de l'information et",2010,http://lamia.univ-antilles.fr/newsite/le-labo/
30,public,LAPLACE,LABORATOIRE PLASMA ET CONVERSION D'ENERGIE,UMR 5213,Unité mixte,TOULOUSE CEDEX 9,,"INP TOULOUSE,CNRS,UT",Sciences et technologies de l'information et de la communication,2006,http://www.laplace.univ-tlse.fr
30,public,GEOMERIX,La Géometrie au Service du Numérique,,Unité propre,,,"CNRS,INRIA,IP PARIS",Sciences et technologies de l'information et de la communication,2022,
30,public,LEAT,"Laboratoire d'Electronique, Antennes et Télécommunications",UMR 7248,Unité mixte,SOPHIA ANTIPOLIS CEDEX - VALBONNE,,"CNRS,UniCA",Sciences et technologies de l'information et de la communication,2012,https://leat.univ-cotedazur.fr/
30,public,LIM,Laboratoire d'Informatique et de Mathématiques,UR 2525,Unité propre,SAINTE CLOTILDE,,LA REUNION,"Mathématiques et leurs interactions,Sciences et technologies de l'information et",1998,https://lim.univ-reunion.fr/
30,public,LPQM,Laboratoire de Photonique Quantique et Moléculaire,UMR 8537,Unité mixte,CACHAN CEDEX,,"ENS Paris-Saclay,CNRS,CENTRALESUPELEC,U PARIS-SACLAY",Sciences et technologies de l'information et de la communication,1998,http://www.lpqm.ens-cachan.fr
30,public,LAMA,Laboratoire de mathématiques,UMR 5127,Unité mixte,LE BOURGET DU LAC CEDEX,,"CHAMBERY,CNRS",Sciences et technologies de l'information et de la communication,2001,http://www.lama.univ-savoie.fr
30,public,LEMON,"Littoral, Environnement, Modèles et Outils Numériques",,Unité propre,Sophia Antipolis,,"CNRS,INRIA,MONTPELLIER",Sciences et technologies de l'information et de la communication,2014,http://www.inria.fr/equipes/lemon
30,public,DEFROST,Logiciels pour robots déformables,,Unité propre,Villeneuve d'Ascq,,"CLI,CNRS,INRIA,LILLE",Sciences et technologies de l'information et de la communication,2015,http://www.inria.fr/equipes/defrost
30,public,MEMIAD,"Management, Economie, Modélisation, Informatique et Aide à la Décision insulaire",UR 7_3,Unité propre,SCHOELCHER CEDEX,,ANTILLES,"Mathématiques et leurs interactions,Sciences humaines et humanités,Sciences de l",1998,
30,public,AIRSEA,Mathématiques et calcul scientifique appliqués aux écoulements océaniques et atmosphériques,,Unité propre,Saint Martin d'Hères,,"CNRS,INRIA,GRENOBLE ALPES",Sciences et technologies de l'information et de la communication,2015,http://www.inria.fr/equipes/airsea
30,public,COMMEDIA,Mathématiques et calcul scientifique pour les applications bio-médicales,,Unité propre,Paris,,"CNRS,INRIA,SORBONNE UNIV.",Sciences et technologies de l'information et de la communication,2019,http://www.inria.fr/equipes/commedia
30,public,MARACAS,Modèle et algorithmes pour des systèmes de communication fiables,,Unité propre,,,"INSA LYON,INRIA",Sciences et technologies de l'information et de la communication,2018,
30,public,MAVERICK,Modèles et Algorithmes pour la Visualisation et le Rendu,,Unité propre,Montbonnot St Martin,,"CNRS,INRIA,GRENOBLE ALPES",Sciences et technologies de l'information et de la communication,2012,http://www.inria.fr/equipes/maverick
30,public,MARIANNE,Modèles et données pour l'argumentation computationnelle en langage naturel,,Unité propre,Sophia Antipolis,,"CNRS,INRIA,UniCA",Sciences et technologies de l'information et de la communication,2025,https://www.inria.fr/fr/marianne
30,public,CARMEN,Modélisation et calculs pour l'électrophysiologie cardiaque,,Unité propre,Talence Cedex,,"INRIA,BORDEAUX",Sciences et technologies de l'information et de la communication,2011,http://www.inria.fr/equipes/carmen
30,public,ATLANTIS,Modélisation et méthodes numériques pour le calcul d'interactions onde-matière nanostructurée,,Unité propre,Valbonne,,"CNRS,INRIA,UniCA",Sciences et technologies de l'information et de la communication,2020,
30,public,MORPHEME,Morphologie et Images,,Unité propre,Sophia Antipolis,,"CNRS,INRIA,UniCA",Sciences et technologies de l'information et de la communication,2011,http://www.inria.fr/equipes/morpheme
30,public,DATAMOVE,Mouvements de données pour le calcul haute performance,,Unité propre,,,"CNRS,INRIA,GRENOBLE ALPES",Sciences et technologies de l'information et de la communication,2016,
30,public,INBIO,Méthodes expérimentales et numériques pour la modélisation des processus cellulaires,,Unité propre,Paris,,"INRIA,INSTITUT PASTEUR",Sciences et technologies de l'information et de la communication,2019,http://www.inria.fr/equipes/inbio
30,public,TROPICAL,"Méthodes tropicales: structures, algorithmes et interactions",,Unité propre,Palaiseau,,INRIA,Sciences et technologies de l'information et de la communication,2016,http://www.inria.fr/equipes/tropical
30,public,OPIS,OPtimisation Imagerie et Santé,,Unité propre,,,"INRIA,CENTRALESUPELEC",Sciences et technologies de l'information et de la communication,2019,
30,public,BONUS,Optimisation de grande taille et calcul large échelle,,Unité propre,,,"INRIA,LILLE",Sciences et technologies de l'information et de la communication,2017,
30,public,INOCS,Optimisation intégrée pour problèmes à structure complexe,,Unité propre,,,"CLI,INRIA",Sciences et technologies de l'information et de la communication,2015,
30,public,RANDOPT,Optimisation par algorithmes stochastiques,,Unité propre,Palaiseau,,INRIA,Sciences et technologies de l'information et de la communication,2016,http://www.inria.fr/equipes/randopt
30,public,STORM,"Optimisation statique, méthodes d’exécution",,Unité propre,Talence Cedex,,"CNRS,INRIA,Bordeaux INP,BORDEAUX",Sciences et technologies de l'information et de la communication,2015,http://www.inria.fr/equipes/storm
30,public,TOPAL,Outils et Optimisations pour le Calcul Haute Performance et l'Apprentissage,,Unité propre,Talence,,"INRIA,Bordeaux INP,BORDEAUX,CNRS",Sciences et technologies de l'information et de la communication,2023,https://www.inria.fr/fr/topal
30,public,STACK,Pile logicielle pour les infrastructures massivement géo distribuées,,Unité propre,Rennes,,"INRIA,IMT Atlantique,Nantes Université",Sciences et technologies de l'information et de la communication,2017,http://www.inria.fr/equipes/stack
30,public,PHIQUS,"Problèmes de calcul quantique, de calcul distribué et de simulation en théorie de l'information quan...",,Unité propre,Palaiseau,,"CNRS,INRIA,IP PARIS",Sciences et technologies de l'information et de la communication,2025,https://www.inria.fr/fr/phiqus
30,public,PLATON,Quantification des Incertitudes en calcul scientifique pour l’ingénierie,,Unité propre,Palaiseau,,"CNRS,INRIA",Sciences et technologies de l'information et de la communication,2020,http://www.inria.fr/equipes/platon
30,public,SPIRALS,Self-adaptation for distributed services and large software systems,,Unité propre,Villeneuve d'Ascq,,"CNRS,INRIA,LILLE",Sciences et technologies de l'information et de la communication,2014,http://www.inria.fr/equipes/spirals
30,public,SUSHI,Sécurité à l’interface logiciel/matériel,,Unité propre,Rennes,,"INRIA,ENS RENNES,CENTRALESUPELEC",Sciences et technologies de l'information et de la communication,2024,https://www.inria.fr/fr/sushi
30,public,STAMP,Sûreté du logiciel et Preuves Mathématiques Formalisées,,Unité propre,,,INRIA,Sciences et technologies de l'information et de la communication,2019,
30,public,QURIOSITY,Traitement d’information et Communications Quantiques à Saclay,,Unité propre,Palaiseau,,"INRIA,IP PARIS",Sciences et technologies de l'information et de la communication,2023,https://www.inria.fr/fr/quriosity
30,public,QINFO,Traitement optimal de l'information avec des dispositifs quantiques,,Unité propre,Lyon,,"LYON 1,INRIA,ENS LYON,GRENOBLE ALPES",Sciences et technologies de l'information et de la communication,2022,https://www.inria.fr/fr/qinfo
30,public,UMMISCO,Unité de modélisation mathématique et informatique des systèmes complexes,UMI 209,Unité propre,Paris Cedex 05,,"IRD,SORBONNE UNIV.","Mathématiques et leurs interactions,Sciences et technologies de l'information et",2009,https://www.ummisco.fr
30,public,ROBOTLEARN,"Vers des robots a` l’intelligence sociale au travers de l’apprentissage, de la perception et de la c...",,Unité propre,Saint Ismier,,"INRIA,GRENOBLE ALPES",Sciences et technologies de l'information et de la communication,2021,https://www.inria.fr/fr/robotlearn
30,public,WHISPER,Well Honed Infrastructure Software for Programming Environments and Runtimes,,Unité propre,,,INRIA,Sciences et technologies de l'information et de la communication,2014,
30,public,CELESTE,statistique mathématique et apprentissage,,Unité propre,,,"CNRS,INRIA,U PARIS-SACLAY",Sciences et technologies de l'information et de la communication,2019,
30,public,POLARIS,Évaluation et optimisation des performances des grandes infrastructures,,Unité propre,Saint Martin d'Hères,,"CNRS,INRIA,GRENOBLE ALPES",Sciences et technologies de l'information et de la communication,2016,https://www.inria.fr/fr/polaris
30,public,EVREF,Évolution réflexive des systèmes logiciels éternels,,Unité propre,Villeneuve d'Ascq,,"INRIA,LILLE",Sciences et technologies de l'information et de la communication,2023,https://www.inria.fr/fr/evref
25,public,ATILF,Analyse et Traitement Informatique de la Langue Française,UMR 7118,Unité mixte,NANCY Cedex,,"CNRS,LORRAINE",,2001,http://www.atilf.fr/
25,public,,"CYBERNETIQUE, INFORMATIQUE ET COMMUNICATIONS",FR 2819,Structures Fédératives de Recherche,,,ANGERS,Sciences et technologies de l'information et de la communication,2006,
25,public,CERI SN,Centre d'Enseignement de Recherche et d'Innovation Systèmes Numériques,,Unité propre,Villeneuve d'Ascq,,"MinesTélécom,IMT Nord Europe",Sciences et technologies de l'information et de la communication,2019,https://recherche.imt-nord-europe.fr/systemes-numeriques/
25,public,CCIAM,Centre de Calcul Intensif d'Aix-Marseille,,Unité propre,Marseille Cedex 20,,AIX-MARSEILLE,Sciences et technologies de l'information et de la communication,2018,https://mesocentre.univ-amu.fr
25,public,ROMEO,Centre de Calcul Régional ROMEO,,Unité propre,Reims Cedex 2.,,REIMS,Sciences et technologies de l'information et de la communication,2019,https://appliweb.dgri.education.fr/rnsr/PresenteStruct.jsp?numNatStruct=201923174L&PUBLIC=OK
25,public,CRI,Centre de recherche en informatique,UR 1445,Unité propre,PARIS CEDEX 13,,PARIS 1,Sciences et technologies de l'information et de la communication,1992,
25,public,DEDIP,"Département d'Electronique, des Détecteurs et d'Informatique pour la Physique",,Unité propre,Gif-sur-Yvette,,"CEA,U PARIS-SACLAY","Physique,Sciences et technologies de l'information et de la communication",2017,
25,public,DSCIN,Département systèmes et circuits intégrés numériques,,Unité propre,Palaiseau,,CEA,Sciences et technologies de l'information et de la communication,2020,
25,public,EDA,"EDUCATION, DISCOURS,  APPRENTISSAGES",URP 4071,Unité propre,PARIS,,U PARIS Cité,Sciences et technologies de l'information et de la communication,2006,https://eda.u-paris.fr/
25,public,ICVL,FED 4279 - Fédération Informatique Centre Val de Loire,FED 4279,Structures Fédératives de Recherche,Orléans Cedex 2,,"TOURS,ORLEANS,INSA CENTRE VA",Sciences et technologies de l'information et de la communication,2018,
25,public,FLMSN,Fédération Lyonnaise de Modélisation et Sciences Numériques,FR 3403,Structures Fédératives de Recherche,VILLEURBANNE CEDEX,,"EC. CENTRALE LYON,INSA LYON,LYON 1,LYON 2,LYON 3,ENS LYON",Sciences et technologies de l'information et de la communication,2011,http://flmsn.univ-lyon1.fr
25,public,GR²IF,Groupe de Recherche Rouennais en Informatique Fondamentale,,Groupements de Recherche,SAINT-ETIENNE-DU-ROUVRAY,,ROUEN,Sciences et technologies de l'information et de la communication,2018,https://gr2if.univ-rouen.fr/
25,public,GLICID,Groupe ligérien en calcul intensif distribué,,Groupements de Recherche,Nantes,,Nantes Université,Sciences et technologies de l'information et de la communication,2022,
25,public,LERIA,LABORATOIRE D'ETUDE ET DE RECHERCHE EN INFORMATIQUE D'ANGERS,,Unité propre,ANGERS CEDEX 01,,ANGERS,Sciences et technologies de l'information et de la communication,1996,http://www.info.univ-angers.fr/leria/
25,public,LIUPPA,LABORATOIRE D'INFORMATIQUE DE L'UNIVERSITE DE PAU ET DES PAYS DE L'ADOUR,EA 3000,Unité propre,PAU CEDEX,,PAU,Sciences et technologies de l'information et de la communication,1999,https://liuppa.univ-pau.fr
25,public,LIUM,LABORATOIRE D'INFORMATIQUE DE L'UNIVERSITE DU MANS (LIUM),EA 4023,Unité propre,LE MANS CEDEX 9,,LE MANS,"Sciences humaines et humanités,Sciences et technologies de l'information et de l",2006,http://www.univ-lemans.fr
25,public,LISTIC,"LABORATOIRE D'INFORMATIQUE, SYSTÈMES, TRAITEMENT DE L'INFORMATION ET DE LA CONNAISSANCE",EA 3703,Unité propre,ANNECY-LE-VIEUX CEDEX,,CHAMBERY,Sciences et technologies de l'information et de la communication,2003,https://www.listic.univ-smb.fr/
25,public,L2TI,LABORATOIRE DE TRAITEMENT ET TRANSPORT DE L'INFORMATION,EA 3043,Unité propre,VILLETANEUSE,,PARIS 13,Sciences et technologies de l'information et de la communication,1999,http://www-l2ti.univ-paris13.fr/
25,public,UR 3926,LGI2A - LABORATOIRE DE GENIE INFORMATIQUE ET D'AUTOMATIQUE DE L'ARTOIS,UR 3926,Unité propre,BETHUNE,,ARTOIS,Sciences et technologies de l'information et de la communication,2004,https://www.lgi2a.univ-artois.fr
25,public,LAFMIA,Laboratoire Franco-Mexicain d'Informatique et d'Automatique,UMI 3175,Unité mixte internationale,San Andrès Cholula,,"GRENOBLE INP,UT COMPIEGNE,UDLAP",Sciences et technologies de l'information et de la communication,2008,
25,public,,Laboratoire Informatique Système Image Telecom Electronique - LISITE,,Unité propre,Issy-Les-Moulineaux,,ISEP,"Physique,Sciences pour l'ingénieur,Sciences et technologies de l'information et ",2005,https://www.isep.fr/la-recherche/
25,public,Lab-I*,Laboratoire d'Informatique,,Unité propre,Reims,,REIMS,Sciences et technologies de l'information et de la communication,2024,
25,public,LIFAT,Laboratoire d'Informatique Fondamentale et Appliquée de Tours,EA 6300,Unité propre,TOURS,,"TOURS,INSA CENTRE VA",Sciences et technologies de l'information et de la communication,2012,
25,public,UPR - 4128,Laboratoire d'Informatique d'Avignon,EA 4128,Unité propre,AVIGNON CEDEX 09,,AU,Sciences et technologies de l'information et de la communication,2006,http://lia.univ-avignon.fr
25,public,LICIIS,Laboratoire d'Informatique en Calcul Intensif et Image pour la Simulation,,Unité propre,REIMS,,REIMS,Sciences et technologies de l'information et de la communication,2021,
25,public,LI-PaRAD,"Laboratoire d'informatique Parallélisme, Réseaux et Algorithmique Distribuée",UR 7432,Unité propre,Versailles Cedex,,"VERSAILLES,U PARIS-SACLAY",Sciences et technologies de l'information et de la communication,2016,https://www.liparad.uvsq.fr/
25,public,LIHPC,Laboratoire en Informatique Haute Performance pour le Calcul et la simulation,,Unité propre,Bruyères-le-Châtel,,"CEA,U PARIS-SACLAY",Sciences et technologies de l'information et de la communication,2021,
25,public,MAI,Mathématiques Appliquées et Informatique,,Unité propre,Angers,,U.CATHOLI.OUEST,Sciences et technologies de l'information et de la communication,2017,
25,public,MIAT,Mathématiques et informatique appliquées Toulouse,UR 0875,Unité propre,CASTANET TOLOSAN CEDEX,,INRAE,"Sciences et technologies de l'information et de la communication,Sciences agrono",1987,https://miat.inrae.fr
25,public,PASS,PRODUCTION ET ANALYSE DES DONNEES EN SCIENCES DE LA VIE ET EN SANTE,,Unité mixte,Paris,,SORBONNE UNIV.,Sciences et technologies de l'information et de la communication,2019,https://ums-pass.sorbonne-universite.fr/
25,public,PEReN,Pôle d'expertise de la régulation numérique - Activité recherche,,Unité propre,Paris,,PEReN,Sciences et technologies de l'information et de la communication,2020,https://www.peren.gouv.fr/
25,public,SACADO,Service d’Aide au Calcul et à l’Analyse de Données,,Unité propre,Paris,,SORBONNE UNIV.,Sciences et technologies de l'information et de la communication,2021,https://sacado.sorbonne-universite.fr/
25,public,U2IS,Unité d'Informatique et d'Ingénierie des Systèmes,,Unité propre,Palaiseau cedex,,"ENSTA,IP PARIS",Sciences et technologies de l'information et de la communication,2011,http://u2is.ensta-paris.fr/
20,public,ABS,ABS,,Unité propre,,,INRIA,Sciences et technologies de l'information et de la communication,2008,
20,public,AISSAI,AI for Science and Science for AI,UAR 2036,Unité propre,PARIS CEDEX 16,,CNRS,Sciences et technologies de l'information et de la communication,2024,https://www.cnrs.fr/en/artificial-intelligence-science-science-artificial-intelligence-aissai-center
20,public,ALPINES,Algorithms and parallel tools for integrated numerical simulations,,Unité propre,Paris,,"CNRS,INRIA,SORBONNE UNIV.",Sciences et technologies de l'information et de la communication,2013,http://www.inria.fr/equipes/alpines
20,public,DELYS,Algorythmes pour systèmes distribués,,Unité propre,,,INRIA,Sciences et technologies de l'information et de la communication,2018,
20,public,ANTIQUE,Analyse Statique par Interprétation Abstraite,,Unité propre,Paris,,"ENS PARIS,CNRS,INRIA",Sciences et technologies de l'information et de la communication,2014,http://www.inria.fr/equipes/antique
20,public,SEMAGRAMME,Analyse Sémantique de la Langue,,Unité propre,Villers lès Nancy,,"CNRS,INRIA,LORRAINE",Sciences et technologies de l'information et de la communication,2011,http://www.inria.fr/equipes/semagramme
20,public,AVIZ,Analyse Visuelle,,Unité propre,Orsay,,"INRIA,U PARIS-SACLAY",Sciences et technologies de l'information et de la communication,2007,http://www.inria.fr/equipes/aviz
20,public,CANARI,Analyse cryptographique et arithmétique,,Unité propre,Talence,,"CNRS,INRIA,BORDEAUX",Sciences et technologies de l'information et de la communication,2023,https://www.inria.fr/fr/canari
20,public,ASCII,Analyse d’interactions stochastiques intelligentes et coopératives,,Unité propre,,,"CNRS,INRIA,IP PARIS",Sciences et technologies de l'information et de la communication,2019,
20,public,FACTAS,Analyse fonctionnelle pour la conception et l'analyse de systèmes,,Unité propre,,,INRIA,Sciences et technologies de l'information et de la communication,2018,
20,public,SYCOMORES,Analyse symbolique et conception orientée composants pour des systèmes embarqués temps-réel modulair...,,Unité propre,Villeneuve d'Ascq,,"CNRS,INRIA,LILLE",Sciences et technologies de l'information et de la communication,2021,https://www.inria.fr/fr/sycomores
20,public,EPICURE,Analyse sémantique et compilation pour la sécurité des environnements d'exécution,,Unité propre,,,"INRIA,RENNES",Sciences et technologies de l'information et de la communication,2022,
20,public,ACUMES,Analysis and Control of Unsteady Models for Engineering Sciences,,Unité propre,Sophia Antipolis,,INRIA,Sciences et technologies de l'information et de la communication,2015,http://www.inria.fr/equipes/acumes
20,public,TARAN,Architectures matérielles spécialisées pour l’ère post loi-de-Moore,,Unité propre,,,"INRIA,ENS RENNES,RENNES,CNRS",Sciences et technologies de l'information et de la communication,2021,
20,public,AUCTUS,Augmenter le confort humain en usine par cobots,,Unité propre,Talence Cedex,,"INRIA,Bordeaux INP",Sciences et technologies de l'information et de la communication,2017,http://www.inria.fr/equipes/auctus
20,public,ALMANACH,Automatic Language Modelling and ANAlysis & Computational Humanities,,Unité propre,Paris,,INRIA,Sciences et technologies de l'information et de la communication,2017,http://www.inria.fr/equipes/almanach
20,public,LARSEN,Autonomie et interaction au long cours pour des robots en environnements potentiellement sensorisés,,Unité propre,Villers lès Nancy,,"CNRS,INRIA,LORRAINE",Sciences et technologies de l'information et de la communication,2015,http://www.inria.fr/equipes/larsen
20,public,EA3720,CENTRE D'INNOVATION EN TELECOMMUNICATIONS ET INTEGRATION DE SERVICES,EA 3720,Unité propre,VILLEURBANNE,,"INSA LYON,INRIA",Sciences et technologies de l'information et de la communication,2003,
20,public,CINTRA,CNRS International - NTU - Thales Research Alliance,IRL 3288,Unité mixte internationale,637553 SINGAPORE,,"CNRS,THALES,NTU",Sciences et technologies de l'information et de la communication,2009,
20,public,MORPHEO,Capture et Analyses de Formes en Mouvement,,Unité propre,Montbonnot St Martin,,"CNRS,INRIA,GRENOBLE ALPES",Sciences et technologies de l'information et de la communication,2011,http://www.inria.fr/equipes/morpheo
20,public,,Centre Inria d'Université Côte d'Azur,,Structures Fédératives de Recherche,Sophia Antipolis,,INRIA,Sciences et technologies de l'information et de la communication,1983,http://www.inria.fr/centre/sophia
20,public,,Centre Inria de Paris,,Structures Fédératives de Recherche,Paris Cedex 13,,INRIA,Sciences et technologies de l'information et de la communication,1967,http://www.inria.fr/centre/paris
20,public,,Centre Inria de Saclay,,Structures Fédératives de Recherche,PALAISEAU,,"INRIA,U PARIS-SACLAY",Sciences et technologies de l'information et de la communication,2008,http://www.inria.fr/centre/saclay
20,public,,Centre Inria de l'Université de Lille,,Structures Fédératives de Recherche,Villeneuve d'Ascq,,INRIA,Sciences et technologies de l'information et de la communication,2008,http://www.inria.fr/centre/lille
20,public,,Centre Inria de l'Université de Lorraine,,Structures Fédératives de Recherche,Villers-lès-Nancy,,INRIA,Sciences et technologies de l'information et de la communication,1986,http://www.inria.fr/centre/nancy
20,public,,Centre Inria de l'université de Bordeaux,,Structures Fédératives de Recherche,Talence,,INRIA,Sciences et technologies de l'information et de la communication,2008,http://www.inria.fr/centre/bordeaux
20,public,,Centre Inria de l’Université Grenoble Alpes,,Structures Fédératives de Recherche,Saint Ismier,,INRIA,Sciences et technologies de l'information et de la communication,1992,http://www.inria.fr/centre/grenoble
20,public,,Centre Inria de l’Université de Rennes,,Structures Fédératives de Recherche,Rennes,,INRIA,Sciences et technologies de l'information et de la communication,1980,http://www.inria.fr/centre/rennes
20,public,CARDAMOM,Certified Adaptive discRete moDels for robust simulAtions of CoMplex flOws with Moving fronts,,Unité propre,Talence Cedex,,"INRIA,Bordeaux INP",Sciences et technologies de l'information et de la communication,2015,http://www.inria.fr/equipes/cardamom
20,public,TOCCATA,"Certified Programs, Certified Tools, Certified Floating-Point Computations",,Unité propre,,,"CNRS,INRIA,U PARIS-SACLAY",Sciences et technologies de l'information et de la communication,2012,
20,public,PETRUS,Cloud personnel sécurisé,,Unité propre,Palaiseau,,"VERSAILLES,INRIA",Sciences et technologies de l'information et de la communication,2016,http://www.inria.fr/equipes/petrus
20,public,CAMUS,Compilation pour les Architectures MUlti-coeurS,,Unité propre,,,"INRIA,U. STRASBOURG",Sciences et technologies de l'information et de la communication,2009,
20,public,COMPACT,Compression de donn ´ees visuelles massives,,Unité propre,Rennes,,"CNRS,INRIA",Sciences et technologies de l'information et de la communication,2024,https://www.inria.fr/fr/compact
20,public,CAGIRE,Computational AGility for internal flows sImulations and compaRisons with Experiments,,Unité propre,,,"PAU,CNRS,INRIA",Sciences et technologies de l'information et de la communication,2011,
20,public,LIFEWARE,Computational systems biology and optimization,,Unité propre,Palaiseau,,INRIA,Sciences et technologies de l'information et de la communication,2014,http://www.inria.fr/equipes/lifeware
20,public,KRAKOS,"Conception de couches systèmes performantes, robustes, sécurisées, flexibles, et moins énergivores",,Unité propre,Saint Ismier,,"GRENOBLE INP,CNRS,INRIA,GRENOBLE ALPES",Sciences et technologies de l'information et de la communication,2024,https://www.inria.fr/fr/krakos
20,public,CRAFT,Conception et fabRicAtion computationnelles d'objets FoncTionnels,,Unité propre,Saint Ismier,,"GRENOBLE INP,INRIA,GRENOBLE ALPES",Sciences et technologies de l'information et de la communication,2025,https://www.inria.fr/fr/craft
20,public,DIANA,"Conception, Mise en oeuvre et Analyse d'Architectures Réseau",,Unité propre,Sophia Antipolis,,INRIA,Sciences et technologies de l'information et de la communication,2013,http://www.inria.fr/equipes/diana
20,public,PETSCRAFT,Concevoir des technologies d'amélioration de la vie privée explicables et efficaces,,Unité propre,Palaiseau,,"INRIA,INSA CENTRE VA",Sciences et technologies de l'information et de la communication,2024,https://www.inria.fr/fr/petscraft
20,public,COMETE,"Concurrence, Mobilité et Transactions",,Unité propre,,,"CNRS,INRIA,IP PARIS",Sciences et technologies de l'information et de la communication,2008,
20,public,CONVECS,Construction de systèmes concurrents vérifiés,,Unité propre,Montbonnot St Martin,,"INRIA,GRENOBLE ALPES",Sciences et technologies de l'information et de la communication,2012,http://www.inria.fr/equipes/convecs
20,public,CAMIN,Control of Artificial Movement & Intuitive Neuroprosthesis,,Unité propre,Sophia Antipolis,,INRIA,Sciences et technologies de l'information et de la communication,2016,http://www.inria.fr/equipes/camin
20,public,CASTOR,"Control, Analysis and Simulations for TOkamak Research",,Unité propre,,,"CNRS,INRIA,UniCA",Sciences et technologies de l'information et de la communication,2012,
20,public,CAGE,Contrôle et géométrie,,Unité propre,Paris,,"CNRS,INRIA,SORBONNE UNIV.",Sciences et technologies de l'information et de la communication,2017,http://www.inria.fr/equipes/cage
20,public,CAPSULE,Cryptographie Appliquée et Sécurité des Implémentations,,Unité propre,Rennes,,"RENNES 1,CNRS,INRIA",Sciences et technologies de l'information et de la communication,2023,https://www.inria.fr/fr/capsule
20,public,COSMIQ,"Cryptologie syme´trique, cryptologie fonde´e sur les codes et information quantique",,Unité propre,Paris,,INRIA,Sciences et technologies de l'information et de la communication,2019,http://www.inria.fr/equipes/cosmiq
20,public,CARAMBA,"Cryptology, arithmetic : algebraic methods for better algorithms",,Unité propre,,,"CNRS,INRIA,LORRAINE",Sciences et technologies de l'information et de la communication,2016,
20,public,DEDUCTEAM,DEDUCTEAM,,Unité propre,,,"INRIA,U PARIS-SACLAY",Sciences et technologies de l'information et de la communication,2011,http://www.inria.fr/equipes/deducteam
20,public,MOCQUA,Designing the Future of Computational Models,,Unité propre,,,"CNRS,INRIA,LORRAINE",Sciences et technologies de l'information et de la communication,2018,
20,public,Digitéo,Digitéo,,Structures Fédératives de Recherche,Saclay,,"EC. POLYTECHNIQUE,CNRS,INRIA,CEA,IP PARIS,U PARIS-SACLAY",Sciences et technologies de l'information et de la communication,2006,http://www.digiteo.fr/
20,public,DYLISS,"Dynamics, Logics and Inference for biological Systems and Sequences",,Unité propre,,,"CNRS,INRIA,RENNES",Sciences et technologies de l'information et de la communication,2012,
20,public,MUSCA,Dynamiques de populations multi-échelles pour des systèmes physiologiques,,Unité propre,Palaiseau,,"CNRS,INRIA,INRAE",Sciences et technologies de l'information et de la communication,2020,http://www.inria.fr/equipes/musca
20,public,EMPENN,EMPENN,,Unité propre,Rennes,,INRIA,Sciences et technologies de l'information et de la communication,2019,http://www.inria.fr/equipes/empenn
20,public,,ERRATA,GDR 3369,Groupements de Recherche,MONTPELLIER CEDEX 5,,CNRS,Sciences et technologies de l'information et de la communication,2010,
20,public,ERABLE,Equipe de recherche européenne en algorithmique et biologie formelle et expérimentale,,Unité propre,Villeurbanne,,"INSA LYON,LYON 1,INRIA",Sciences et technologies de l'information et de la communication,2015,http://www.inria.fr/equipes/erable
20,public,MOEX,Evolution de la connaissance,,Unité propre,Montbonnot St Martin,,"INRIA,GRENOBLE ALPES",Sciences et technologies de l'information et de la communication,2017,http://www.inria.fr/equipes/moex
20,public,FCLAB,FCLAB (Fuel Cell LAB): Vers des Systèmes Pile à Combustible Efficients,UAR 2200,Structures Fédératives de Recherche,BELFORT CEDEX,,"ENS MECA. BESAC,EC. CENTRALE LYON,INSA LYON,UT BELFORT,CNRS,UNIV.G.EIFFEL,UMLP",Sciences et technologies de l'information et de la communication,2012,
20,public,VALSE,Finite-time control and estimation for distributed systems,,Unité propre,Villeneuve d'Ascq,,"CLI,INRIA,LILLE",Sciences et technologies de l'information et de la communication,2019,http://www.inria.fr/equipes/valse
20,public,CROSSING,FrenCh austRalian labOratory for humanS/autonomouS agents teamING,IRL 2010,Unité mixte internationale,ADELAIDE,,"CNRS,IMT Atlantique,UNIVERSITY OF ADELAIDE,UNISA,UNIVERSITE FLINDERS,NAVAL GROUP",Sciences et technologies de l'information et de la communication,2021,
20,public,NormaSTIC,Fédération Normande de Recherche en Sciences et Technologies de l'Information et de la Communication,FR 3638,Structures Fédératives de Recherche,CAEN CEDEX 4,,"CAEN,ENSI CAEN,INSA ROUEN,ROUEN,LE HAVRE,CNRS",Sciences et technologies de l'information et de la communication,2014,https://www.greyc.fr/fr
20,public,GRAPHDECO,GRAPHics and DEsign with hEterogeneous COntent,,Unité propre,Sophia Antipolis,,INRIA,Sciences et technologies de l'information et de la communication,2015,http://www.inria.fr/equipes/graphdeco
20,public,GALLINETTE,Gallinette : vers une nouvelle génération d'assistant à la preuve,,Unité propre,Rennes,,"INRIA,IMT Atlantique,Nantes Université",Sciences et technologies de l'information et de la communication,2017,http://www.inria.fr/equipes/gallinette
20,public,GRACE,"Geometry, arithmetic, algorithms, codes and encryption",,Unité propre,,,"CNRS,INRIA,IP PARIS",Sciences et technologies de l'information et de la communication,2012,
20,public,ERMINE,Gestion et mesures des opérations et de l'économie des réseaux,,Unité propre,,,"CNRS,INRIA,MinesTélécom,RENNES",Sciences et technologies de l'information et de la communication,2022,
20,public,HEPHAISTOS,"HExapode, PHysiologie, AssISTance et Objets de Service",,Unité propre,Sophia Antipolis,,INRIA,Sciences et technologies de l'information et de la communication,2014,http://www.inria.fr/equipes/hephaistos
20,public,SPHINX,"Heterogeneous Systems: Inverse Problems, Control and Stabilization, Simulation",,Unité propre,Villers lès Nancy,,"CNRS,INRIA,LORRAINE",Sciences et technologies de l'information et de la communication,2015,http://www.inria.fr/equipes/sphinx
20,public,I4S,Inférence Statistique pour la Surveillance et la Sécurité des Structures,,Unité propre,Rennes,,"INRIA,UNIV.G.EIFFEL",Sciences et technologies de l'information et de la communication,2009,http://www.inria.fr/equipes/i4s
20,public,NEO,Ingénierie et Opérations des Réseaux,,Unité propre,Sophia Antipolis,,INRIA,Sciences et technologies de l'information et de la communication,2017,http://www.inria.fr/equipes/neo
20,public,INIST,Institut de l'information scientifique et technique,UAR 76,Unité propre,VANDOEUVRE LES NANCY CEDEX,,CNRS,Sciences et technologies de l'information et de la communication,1988,http://www.inist.fr
20,public,EX-SITU,Interaction Située Extrême,,Unité propre,Palaiseau,,"INRIA,U PARIS-SACLAY",Sciences et technologies de l'information et de la communication,2015,http://www.inria.fr/equipes/ex-situ
20,public,SEAMLESS,Interaction et collaboration fluides à travers le continuum réalité-virtualité,,Unité propre,Rennes,,"INSA RENNES,CNRS,INRIA,RENNES",Sciences et technologies de l'information et de la communication,2024,https://www.inria.fr/fr/seamless
20,public,ILLS,International Laboratory on Learning Systems,IRL 2020,Unité mixte internationale,H3C1K3 MONTREAL,,"CNRS,CENTRALESUPELEC,U PARIS-SACLAY,UNIVERSITE MC GILL",Sciences et technologies de l'information et de la communication,2022,
20,public,JFLI,Japanese-French Laboratory for Informatics,IRL 3527,Unité mixte internationale,113033 Tokyo,,"CNRS,INRIA,SORBONNE UNIV.",Sciences et technologies de l'information et de la communication,2016,http://jfli.cnrs.fr/
20,public,KOPERNIC,Keeping wOrst case reasoning aPpropriatE foR differeNt critICALITIES,,Unité propre,Paris,,INRIA,Sciences et technologies de l'information et de la communication,2018,http://www.inria.fr/equipes/kopernic
20,public,LN2,Laboratoire Nanotechnologies et Nanosystèmes,UMI 3463,Unité mixte internationale,SHERBROOKE,,"EC. CENTRALE LYON,INSA LYON,CPE LYON,CNRS,COMUE LYON,GRENOBLE ALPES",Sciences et technologies de l'information et de la communication,2012,http://www.labn2.ca/
20,public,LIMICS,Laboratoire d'Informatique Médicale et d'Ingénieurie des Connaissances en e-Santé,UMR_S 1142,Unité mixte,Paris,,"PARIS 13,INSERM,SORBONNE UNIV.",,2014,
20,public,CAMBIUM,"Langages de programmation : systèmes de types, concurrence, preuve de programme",,Unité propre,Paris,,"COLL.DE FRANCE,INRIA",Sciences et technologies de l'information et de la communication,2019,http://www.inria.fr/equipes/cambium
20,public,SPLITS,Languages de Programmation Sécures et Outils pour la Sécurité,,Unité propre,Sophia Antipolis,,INRIA,Sciences et technologies de l'information et de la communication,2023,https://www.inria.fr/fr/splits
20,public,PICUBE,Les assistants à la démonstration au cœur du raisonnement mathématique,,Unité propre,Paris,,"CNRS,INRIA,U PARIS Cité",Sciences et technologies de l'information et de la communication,2022,https://www.inria.fr/fr/picube
20,public,MATHERIALS,MATHematics for MatERIALS,,Unité propre,Paris,,"ENPC PARIS,INRIA",Sciences et technologies de l'information et de la communication,2014,http://www.inria.fr/equipes/matherials
20,public,MACS,"MODELISATION, ANALYSE ET CONDUITE DES SYSTEMES DYNAMIQUES",GDR 717,Groupements de Recherche,TOULOUSE CEDEX 4,,CNRS,Sciences et technologies de l'information et de la communication,1998,
20,public,MdlS,Maison de la Simulation,UAR 3441,Unité mixte,GIF SUR YVETTE CEDEX - ST AUBIN,,"VERSAILLES,CNRS,CEA,U PARIS-SACLAY",Sciences et technologies de l'information et de la communication,2011,https://www.mdls.fr
20,public,MATHRISK,Mathematical Risk handling,,Unité propre,Paris,,"ENPC PARIS,CNRS,INRIA,UNIV.G.EIFFEL",Sciences et technologies de l'information et de la communication,2012,http://www.inria.fr/equipes/mathrisk
20,public,MATHNEURO,Mathématiques pour les Neurosciences,,Unité propre,Sophia Antipolis,,"CNRS,INRIA,UniCA",Sciences et technologies de l'information et de la communication,2016,http://www.inria.fr/equipes/mathneuro
20,public,MISTEA,"Mathématiques, informatique et statistique pour l'environnement et l'agronomie",UMR 0729,Unité mixte,MONTPELLIER,,"INRAE,Institut Agro",Sciences agronomiques et écologiques,1983,https://mistea.montpellier.hub.inrae.fr/
20,public,MFX,Matter From Graphics,,Unité propre,,,"INRIA,LORRAINE",Sciences et technologies de l'information et de la communication,2018,
20,public,MANAO,"Melting the frontiers between Light, Shape and Matter",,Unité propre,,,"CNRS,INRIA,BORDEAUX",Sciences et technologies de l'information et de la communication,2012,
20,public,MIMOVE,Middleware on the Move,,Unité propre,Paris,,INRIA,Sciences et technologies de l'information et de la communication,2014,http://www.inria.fr/equipes/mimove
20,public,MNEMOSYNE,Mnemonic Synergy,,Unité propre,Talence Cedex,,"CNRS,INRIA,Bordeaux INP,BORDEAUX",Sciences et technologies de l'information et de la communication,2012,http://www.inria.fr/equipes/mnemosyne
20,public,ELAN,ModELisation de l'apparence des phénomènes Non-linéaires,,Unité propre,Montbonnot St Martin,,INRIA,Sciences et technologies de l'information et de la communication,2017,http://www.inria.fr/equipes/elan
20,public,STATIFY,Mode`les statistiques baye´siens et des valeurs extre^mes pour donne´es structure´es et de grande di...,,Unité propre,,,"CNRS,INRIA,GRENOBLE ALPES",Sciences et technologies de l'information et de la communication,2020,
20,public,VERIDIS,Modeling and Verification of Distributed Algorithms and Systems,,Unité propre,Villers lès Nancy,,"CNRS,INRIA,LORRAINE",Sciences et technologies de l'information et de la communication,2010,http://www.inria.fr/equipes/veridis
20,public,MEMPHIS,Modèles et méthodes pour les problèmes multiphysiques et interactions,,Unité propre,Talence Cedex,,"INRIA,BORDEAUX",Sciences et technologies de l'information et de la communication,2015,http://www.inria.fr/equipes/memphis
20,public,PRIVATICS,"Modèles, architectures et outils pour la protection de la vie privée dans la société de l'informatio...",,Unité propre,,,"INSA LYON,INRIA",Sciences et technologies de l'information et de la communication,2013,
20,public,MONC,Modélisation Mathématique pour l'Oncologie,,Unité propre,Talence Cedex,,"CNRS,INRIA,Bordeaux INP",Sciences et technologies de l'information et de la communication,2015,http://www.inria.fr/equipes/monc
20,public,ARMADHA,Modélisation et analyse formelles des systèmes distribués et matériels,,Unité propre,Saint Ismier,,"INRIA,GRENOBLE ALPES",Sciences et technologies de l'information et de la communication,2026,https://www.inria.fr/fr/armadha
20,public,TITANE,Modélisation géométrique d'environnements 3D,,Unité propre,Sophia Antipolis,,INRIA,Sciences et technologies de l'information et de la communication,2013,http://www.inria.fr/equipes/titane
20,public,HYCOMES,Modélisation hybride & conception par contrats pour les systèmes embarqués multi-physiques,,Unité propre,Rennes,,INRIA,Sciences et technologies de l'information et de la communication,2013,http://www.inria.fr/equipes/hycomes
20,public,TRIPOP,"Modélisation, simulation et commande des systèmes dynamiques non lisses",,Unité propre,Saint Ismier,,"CNRS,INRIA,GRENOBLE ALPES",Sciences et technologies de l'information et de la communication,2018,http://www.inria.fr/equipes/tripop
20,public,MADMAX,"Moore, Amdahl, Dennard à leur maximum",,Unité propre,Saint Ismier,,"GRENOBLE INP,CNRS,INRIA",Sciences et technologies de l'information et de la communication,2025,https://www.inria.fr/fr/madmax
20,public,MINGUS,Multi-scale numerical geometric schemes,,Unité propre,Rennes,,"CNRS,INRIA,ENS RENNES,RENNES",Sciences et technologies de l'information et de la communication,2018,http://www.inria.fr/equipes/mingus
20,public,VIRTUS,"Nous, virtuels",,Unité propre,Rennes,,"RENNES 2,INRIA,RENNES",Sciences et technologies de l'information et de la communication,2022,https://www.inria.fr/fr/virtus
20,public,OURAGAN,OUtils de Résolution Algébriques pour la Géométrie et ses ApplicatioNs,,Unité propre,,,"CNRS,INRIA,SORBONNE UNIV.,U PARIS Cité",Sciences et technologies de l'information et de la communication,2012,
20,public,PARKAS,Parallélisme de Kahn Synchrone,,Unité propre,Paris,,INRIA,Sciences et technologies de l'information et de la communication,2011,http://www.inria.fr/equipes/parkas
20,public,PLEIADE,Patterns de diversité et réseaux de fonctions,,Unité propre,Talence Cedex,,"CNRS,INRIA,INRAE",Sciences et technologies de l'information et de la communication,2015,http://www.inria.fr/equipes/pleiade
20,public,POTIOC,Popular interaction with 3d content,,Unité propre,Talence Cedex,,"CNRS,INRIA,BORDEAUX",Sciences et technologies de l'information et de la communication,2012,http://www.inria.fr/equipes/potioc
20,public,TRIBE,Pour un Internet non-conventionnel,,Unité propre,,,INRIA,Sciences et technologies de l'information et de la communication,2019,
20,public,SCOOL,Prise de décision séquentielle dans l’incertain,,Unité propre,,,"CNRS,INRIA,LILLE",Sciences et technologies de l'information et de la communication,2020,
20,public,MATHNET,Probabilités et dynamiques des réseaux géométriques,,Unité propre,Paris,,"ENS PARIS,INRIA",Sciences et technologies de l'information et de la communication,2025,https://www.inria.fr/fr/mathnet
20,public,PASTA,Processus Aléatoires Spatio-Temporels et Applications,,Unité propre,,,"CNRS,INRIA,LORRAINE",Sciences et technologies de l'information et de la communication,2020,
20,public,SPADES,Programmation de systèmes embarqués sûrs et adaptatifs,,Unité propre,Montbonnot St Martin,,"INRIA,GRENOBLE ALPES",Sciences et technologies de l'information et de la communication,2013,http://www.inria.fr/equipes/spades
20,public,PROSECCO,Programming securely with cryptography,,Unité propre,,,INRIA,Sciences et technologies de l'information et de la communication,2012,
20,public,PIRAT,Protection de l’information et résistances aux attaques,,Unité propre,Rennes,,"CNRS,INRIA,CENTRALESUPELEC,RENNES",Sciences et technologies de l'information et de la communication,2024,https://www.inria.fr/fr/pirat
20,public,PACAP,Pushing Architecture and Compilation for Application Performance,,Unité propre,Rennes,,"INRIA,RENNES",Sciences et technologies de l'information et de la communication,2016,http://www.inria.fr/equipes/pacap
20,public,QUANTIC,QUANTum Information Circuits,,Unité propre,Paris,,"ENS PARIS,Mines Paris-PSL,CNRS,INRIA,SORBONNE UNIV.",Sciences et technologies de l'information et de la communication,2013,http://www.inria.fr/equipes/quantic
20,public,ROMA,ROMA,,Unité propre,,,"LYON 1,CNRS,INRIA,ENS LYON",Sciences et technologies de l'information et de la communication,2013,
20,public,TANGRAM,Recalage visuel avec des modèles physiquement réalistes,,Unité propre,,,"CNRS,INRIA,LORRAINE",Sciences et technologies de l'information et de la communication,2020,
20,public,SIRA,Recherches en sciences sociales sur l’IA responsable,,Unité propre,Rennes,,"INSA RENNES,INRIA",Sciences et technologies de l'information et de la communication,2026,https://www.inria.fr/fr/sira
20,public,BOREAL,Repre´sentation de Connaissances et Langages a` Base de Re`gles pour Raisonner sur les Donne´s,,Unité propre,Sophia Antipolis,,"INRIA,INRAE,MONTPELLIER",Sciences et technologies de l'information et de la communication,2022,https://www.inria.fr/fr/boreal
20,public,RESIST,Resilience and Elasticity for Security and ScalatiliTy of dynamic networked systems,,Unité propre,Villers lès Nancy,,"CNRS,INRIA,LORRAINE",Sciences et technologies de l'information et de la communication,2018,http://www.inria.fr/equipes/resist
20,public,CHROMA,Robots coopératifs et adaptés à la présence humaine en environnements,,Unité propre,Montbonnot St Martin,,"INSA LYON,INRIA",Sciences et technologies de l'information et de la communication,2015,http://www.inria.fr/equipes/chroma
20,public,SIMSMART,SIMulation pARTiculaire de Modèles Stochastiques,,Unité propre,Rennes,,"CNRS,INRIA,RENNES",Sciences et technologies de l'information et de la communication,2018,http://www.inria.fr/equipes/simsmart
20,public,KERDATA,Scalable Storage for Clouds and Beyond,,Unité propre,Rennes,,"INSA RENNES,INRIA",Sciences et technologies de l'information et de la communication,2009,http://www.inria.fr/equipes/kerdata
20,public,GENSCALE,"Scalable, Optimized and Parallel Algorithms for Genomics",,Unité propre,,,"CNRS,INRIA",Sciences et technologies de l'information et de la communication,2012,
20,public,SERENA,Simulation for the Environment: Reliable and Efficient Numerical Algorithms,,Unité propre,Paris,,"ENPC PARIS,INRIA",Sciences et technologies de l'information et de la communication,2015,http://www.inria.fr/equipes/serena
20,public,STEEP,"Soutenabilité, Territoires, Environnement, Economie et Politique",,Unité propre,Montbonnot St Martin,,"CNRS,INRIA,GRENOBLE ALPES",Sciences et technologies de l'information et de la communication,2010,http://www.inria.fr/equipes/steep
20,public,STARS,Spatio-Temporal Activity Recognition Systems,,Unité propre,Sophia Antipolis,,INRIA,Sciences et technologies de l'information et de la communication,2012,http://www.inria.fr/equipes/stars
20,public,MULTISPEECH,Speech Modeling for Facilitating Oral-Based Communication,,Unité propre,Villers lès Nancy,,"CNRS,INRIA,LORRAINE",Sciences et technologies de l'information et de la communication,2014,http://www.inria.fr/equipes/multispeech
20,public,SISTM,Statistics In System biology and Translational Medicine,,Unité propre,Bordeaux cedex,,"INSERM,INRIA,BORDEAUX",Sciences et technologies de l'information et de la communication,2013,http://www.inria.fr/equipes/sistm
20,public,PIXEL,Structurer des formes géométriques,,Unité propre,,,"CNRS,INRIA,LORRAINE",Sciences et technologies de l'information et de la communication,2020,
20,public,SPECFUN,Symbolic Special Functions : Fast and Certified,,Unité propre,,,INRIA,Sciences et technologies de l'information et de la communication,2012,
20,public,EMERAUDE,Syste`mes Embarque´s audio programmables,,Unité propre,,,"INSA LYON,INRIA",Sciences et technologies de l'information et de la communication,2022,
20,public,PARADYSE,Systèmes de particules et systèmes dynamiques,,Unité propre,,,"CNRS,INRIA,LILLE",Sciences et technologies de l'information et de la communication,2020,
20,public,ASTRA,Systèmes de transport automatisés et sécurisés,,Unité propre,,,INRIA,Sciences et technologies de l'information et de la communication,2022,
20,public,LORELEY,Systèmes distribués collaboratifs et de confiance à grande échelle,,Unité propre,Villers lès Nancy,,"CNRS,INRIA,LORRAINE",Sciences et technologies de l'information et de la communication,2025,https://www.inria.fr/fr/loreley
20,public,DISCO,Systèmes dynamiques interconnectés dans des environnements complexes,,Unité propre,Gif-sur-Yvette,,"CNRS,INRIA,U PARIS-SACLAY",Sciences et technologies de l'information et de la communication,2010,http://www.inria.fr/equipes/disco
20,public,BENAGIL,Systèmes répartis performants et sûrs,,Unité propre,Palaiseau,,"TELECOM SUDPARIS,INRIA,IP PARIS",Sciences et technologies de l'information et de la communication,2023,https://www.inria.fr/fr/benagil
20,public,TAU,TAckling the Underspecified,,Unité propre,,,"CNRS,INRIA,U PARIS-SACLAY",Sciences et technologies de l'information et de la communication,2016,
20,public,PESTO,Techniques de Preuves pour les Protocoles de Sécurité,,Unité propre,,,"CNRS,INRIA,LORRAINE",Sciences et technologies de l'information et de la communication,2016,
20,public,LOKI,Technology and knowledge for interaction,,Unité propre,Villeneuve d'Ascq,,"INRIA,LILLE",Sciences et technologies de l'information et de la communication,2018,http://www.inria.fr/equipes/loki
20,public,TYREX,Types and Reasoning for the Web,,Unité propre,,,"CNRS,INRIA,GRENOBLE ALPES",Sciences et technologies de l'information et de la communication,2012,
20,public,KINETIX,Vision 4D et modélisation pour la capture volumétrique et humaine,,Unité propre,Saint Ismier,,"INRIA,GRENOBLE ALPES",Sciences et technologies de l'information et de la communication,2026,https://www.inria.fr/fr/kinetix
20,public,BIOVISION,Vision biologique : modèles intégratifs et systèmes d’aide à la vision pour les déficients visuels,,Unité propre,Sophia Antipolis,,INRIA,Sciences et technologies de l'information et de la communication,2016,http://www.inria.fr/equipes/biovision
20,public,DEVINE,Vérification efficace pour des systèmes distribués fiables,,Unité propre,Rennes,,"INRIA,CNRS,ENS RENNES,RENNES",Sciences et technologies de l'information et de la communication,2024,https://www.inria.fr/fr/devine
20,public,COAST,Web Scale Trustworthy Collaborative Service Systems,,Unité propre,Villers lès Nancy,,"CNRS,INRIA,LORRAINE",Sciences et technologies de l'information et de la communication,2014,http://www.inria.fr/equipes/coast
20,public,WIMMICS,"Web-Instrumented Man-Machine Interactions, Communities and Semantics",,Unité propre,Sophia Antipolis,,"CNRS,INRIA,UniCA",Sciences et technologies de l'information et de la communication,2012,http://www.inria.fr/equipes/wimmics
20,public,CORSE,compiler optimization and run-time systems,,Unité propre,Grenoble,,"INRIA,GRENOBLE ALPES",Sciences et technologies de l'information et de la communication,2014,http://www.inria.fr/equipes/corse
20,public,WILLOW,modèles de la reconnaissance visuelle d'objets et de scènes,,Unité propre,,,"ENS PARIS,CNRS,INRIA",Sciences et technologies de l'information et de la communication,2007,
20,public,FUN,self-organizing Future Ubiquitous Network,,Unité propre,Villeneuve d'Ascq,,INRIA,Sciences et technologies de l'information et de la communication,2012,http://www.inria.fr/equipes/fun
20,public,WIDE,the World Is Distributed Exploring the tension between scale and coordination,,Unité propre,,,"INRIA,RENNES",Sciences et technologies de l'information et de la communication,2018,
